{
  "fit_method": "OLS_with_intercept_linear_levels",
  "n_observations": 13,
  "r2": 0.3350451977380132,
  "residual_stdev_index_points": 5.9408396928768745,
  "residual_stdev_pct_of_strike_spacing": 0.5940839692876875,
  "weights": {
    "intercept": 3.982612609909974e-06,
    "cu_lb": 39.464982350261934,
    "pd_oz": -0.1783334101802739,
    "pt_oz": 0.047583666791577,
    "ni_mt": 0.06800824463839847
  },
  "all_fits": {
    "no_intercept": {
      "with_intercept": false,
      "n": 13,
      "beta": [
        39.46498235026249,
        -0.17833341018027019,
        0.047583666791575024,
        0.06800824487161457
      ],
      "cols": [
        "cu_lb",
        "pd_oz",
        "pt_oz",
        "ni_mt"
      ],
      "r2": 0.33504519773800345,
      "residual_stdev": 5.940839692876918,
      "yhat": [
        1220.0714603687609,
        1220.3151752103372,
        1219.6730674218247,
        1219.6730674218247,
        1219.6730674218247,
        1219.9418507412038,
        1221.347951856573,
        1225.576497188909,
        1232.5869594305068,
        1227.1593048499346,
        1229.573510174012,
        1226.60297633539,
        1222.3451115789062
      ],
      "resid": [
        -1.6614603687607996,
        -4.40517521033712,
        -3.533067421824626,
        -1.513067421824644,
        9.926932578175183,
        -6.711850741203762,
        14.0520481434271,
        -5.606497188908861,
        -0.19695943050669484,
        3.920695150065285,
        2.6664898259880374,
        -4.652976335389894,
        -2.2851115789062533
      ]
    },
    "with_intercept": {
      "with_intercept": true,
      "n": 13,
      "beta": [
        3.982612609909974e-06,
        39.464982350261934,
        -0.1783334101802739,
        0.047583666791577,
        0.06800824463839847
      ],
      "cols": [
        "intercept",
        "cu_lb",
        "pd_oz",
        "pt_oz",
        "ni_mt"
      ],
      "r2": 0.3350451977380132,
      "residual_stdev": 5.9408396928768745,
      "yhat": [
        1220.0714603689025,
        1220.3151752104786,
        1219.6730674219666,
        1219.6730674219666,
        1219.6730674219666,
        1219.9418507413454,
        1221.3479518567146,
        1225.5764971890503,
        1232.5869594306487,
        1227.1593048500763,
        1229.5735101741539,
        1226.6029763355318,
        1222.3451115790476
      ],
      "resid": [
        -1.6614603689024534,
        -4.405175210478546,
        -3.533067421966507,
        -1.5130674219665252,
        9.926932578033302,
        -6.711850741345415,
        14.052048143285447,
        -5.6064971890502875,
        -0.19695943064857602,
        3.920695149923631,
        2.6664898258461562,
        -4.6529763355317755,
        -2.2851115790476797
      ]
    },
    "log_prices": {
      "n": 13,
      "beta": [
        0.08116319393165494,
        0.1890483939317778,
        -0.22383338219862395,
        0.0815670454599325,
        0.7909715423674036
      ],
      "cols": [
        "intercept",
        "ln_cu",
        "ln_pd",
        "ln_pt",
        "ln_ni"
      ],
      "r2": 0.3356108049530857,
      "residual_stdev_log": 0.004849396160500055,
      "residual_stdev_points": 5.932878093116887,
      "mean_index_level": 1223.4261538461537
    }
  },
  "components": {
    "copper": "Yahoo HG=F continuous, USD/lb, daily",
    "palladium": "Yahoo PA=F continuous, USD/oz, daily",
    "platinum": "Yahoo PL=F continuous, USD/oz, daily",
    "nickel": "World Bank Pink Sheet, USD/MT, monthly (forward-filled to daily)",
    "cobalt": "DROPPED - no free public daily/monthly source identified"
  },
  "as_of_alignment_rule": "Use latest component close on or before Kalshi event close_date.",
  "observations": [
    {
      "event": "KXTRUEV-26APR15",
      "close_date": "2026-04-15",
      "y": 1218.41,
      "low": 1208.41,
      "high": 1228.41,
      "cu_lb": 6.072000026702881,
      "pd_oz": 1578.0999755859375,
      "pt_oz": 2112.89990234375,
      "ni_mt": 17076.29,
      "as_of_cu": "2026-04-15",
      "as_of_pd": "2026-04-15",
      "as_of_pt": "2026-04-15"
    },
    {
      "event": "KXTRUEV-26APR16",
      "close_date": "2026-04-16",
      "y": 1215.91,
      "low": 1205.91,
      "high": 1225.91,
      "cu_lb": 6.066500186920166,
      "pd_oz": 1570.5,
      "pt_oz": 2094.10009765625,
      "ni_mt": 17076.29,
      "as_of_cu": "2026-04-16",
      "as_of_pd": "2026-04-16",
      "as_of_pt": "2026-04-16"
    },
    {
      "event": "KXTRUEV-26APR17",
      "close_date": "2026-04-17",
      "y": 1216.14,
      "low": 1206.14,
      "high": 1226.14,
      "cu_lb": 6.103499889373779,
      "pd_oz": 1590.4000244140625,
      "pt_oz": 2124.5,
      "ni_mt": 17076.29,
      "as_of_cu": "2026-04-17",
      "as_of_pd": "2026-04-17",
      "as_of_pt": "2026-04-17"
    },
    {
      "event": "KXTRUEV-26APR18",
      "close_date": "2026-04-18",
      "y": 1218.16,
      "low": 1213.16,
      "high": 1223.16,
      "cu_lb": 6.103499889373779,
      "pd_oz": 1590.4000244140625,
      "pt_oz": 2124.5,
      "ni_mt": 17076.29,
      "as_of_cu": "2026-04-17",
      "as_of_pd": "2026-04-17",
      "as_of_pt": "2026-04-17"
    },
    {
      "event": "KXTRUEV-26APR19",
      "close_date": "2026-04-19",
      "y": 1229.6,
      "low": 1224.6,
      "high": 1234.6,
      "cu_lb": 6.103499889373779,
      "pd_oz": 1590.4000244140625,
      "pt_oz": 2124.5,
      "ni_mt": 17076.29,
      "as_of_cu": "2026-04-17",
      "as_of_pd": "2026-04-17",
      "as_of_pt": "2026-04-17"
    },
    {
      "event": "KXTRUEV-26APR20",
      "close_date": "2026-04-20",
      "y": 1213.23,
      "low": 1208.23,
      "high": 1218.23,
      "cu_lb": 6.035999774932861,
      "pd_oz": 1559.5999755859375,
      "pt_oz": 2070.699951171875,
      "ni_mt": 17076.29,
      "as_of_cu": "2026-04-20",
      "as_of_pd": "2026-04-20",
      "as_of_pt": "2026-04-20"
    },
    {
      "event": "KXTRUEV-26APR21",
      "close_date": "2026-04-21",
      "y": 1235.4,
      "low": 1230.4,
      "high": 1240.4,
      "cu_lb": 6.001500129699707,
      "pd_oz": 1531.699951171875,
      "pt_oz": 2024.300048828125,
      "ni_mt": 17076.29,
      "as_of_cu": "2026-04-21",
      "as_of_pd": "2026-04-21",
      "as_of_pt": "2026-04-21"
    },
    {
      "event": "KXTRUEV-26APR22",
      "close_date": "2026-04-22",
      "y": 1219.97,
      "low": 1214.97,
      "high": 1224.97,
      "cu_lb": 6.119999885559082,
      "pd_oz": 1547.0999755859375,
      "pt_oz": 2072.60009765625,
      "ni_mt": 17076.29,
      "as_of_cu": "2026-04-22",
      "as_of_pd": "2026-04-22",
      "as_of_pt": "2026-04-22"
    },
    {
      "event": "KXTRUEV-26APR23",
      "close_date": "2026-04-23",
      "y": 1232.39,
      "low": 1227.39,
      "high": 1237.39,
      "cu_lb": 6.075500011444092,
      "pd_oz": 1484.5999755859375,
      "pt_oz": 2022.5999755859375,
      "ni_mt": 17076.29,
      "as_of_cu": "2026-04-23",
      "as_of_pd": "2026-04-23",
      "as_of_pt": "2026-04-23"
    },
    {
      "event": "KXTRUEV-26APR24",
      "close_date": "2026-04-24",
      "y": 1231.08,
      "low": 1226.08,
      "high": 1236.08,
      "cu_lb": 6.023499965667725,
      "pd_oz": 1501.5,
      "pt_oz": 2015.0,
      "ni_mt": 17076.29,
      "as_of_cu": "2026-04-24",
      "as_of_pd": "2026-04-24",
      "as_of_pt": "2026-04-24"
    },
    {
      "event": "KXTRUEV-26APR27",
      "close_date": "2026-04-27",
      "y": 1232.24,
      "low": 1227.24,
      "high": 1237.24,
      "cu_lb": 6.01800012588501,
      "pd_oz": 1477.699951171875,
      "pt_oz": 1981.0999755859375,
      "ni_mt": 17076.29,
      "as_of_cu": "2026-04-27",
      "as_of_pd": "2026-04-27",
      "as_of_pt": "2026-04-27"
    },
    {
      "event": "KXTRUEV-26APR28",
      "close_date": "2026-04-28",
      "y": 1221.95,
      "low": 1216.95,
      "high": 1226.95,
      "cu_lb": 5.9145002365112305,
      "pd_oz": 1461.0999755859375,
      "pt_oz": 1942.300048828125,